{
  "setup": {
    "title": "Store Name",
    "currency": "Currency",
    "avatar": "Image",
    "price": "Preis",
    "id": "Produkt-ID",
    "sku": "Product SKU",
    "hscode": "HSN Code",
    "code": "Produkt-CODE",
    "allocation": "% Allocation",
    "qty": "Stock in Hand",
    "leadtime": "Lead Time to Ship",
    "channel": "Channel",
    "status": "Status",
    "status.all": "Alle",
    "status.active": "Aktiv",
    "status.inactive": "Inactive",
    "nameRequired": "Please input the Store name!",
    "idRequired": "Bitte geben Sie die Produktnummer ein",
    "codeRequired": "Bitte geben Sie die Produktcode ein",
    "allocationRequired": "Bitte geben Sie die % Allocation ein",
    "statusRequired": "Bitte wählen Sie den aktivierten Status aus",
    "valueRequired": "Please enter a value",
    "leadtimeRequired": "Please enter lead time to ship",
    "qtyRequired": "Please enter stock in hand",
    "urlRequired": "Please input the Store URL!",
    "usernameRequired": "Please input your username!",
    "passwordRequired": "Please input your password!",
    "locationRequired": "Please input your location id!",
    "clientIdRequired": "Please input your client id!",
    "catalogIdRequired": "Please input your catalog id!",
    "url": "Store URL",
    "username": "Username",
    "password": "Password",
    "location": "Location Id",
    "clientId": "Client Id",
    "catalogId": "Catalog Id"
  }
}
