{
	"channel": {
		"name": "Channel Name",
		"code": "Channel Code",
		"type": "Channel Type",
		"url": "Url",
		"key": "Key",
		"secret": "Secret",
		"seller": "Seller",
		"token": "Token",
		"location": "Location",
		"avatar": "Image",
		"date": "Order Date",
		"status": "Status",
		"status.all": "All",
		"status.active": "Active",
		"status.inactive": "Inactive",
		"manageStock": "Manage Stock",
		"manageState": "Order Status Sync",
		"nameRequired": "Please input the channel name",
		"codeRequired": "Please input the channel code",
		"statusRequired": "Please select the enabled status",
		"typeRequired": "Please select channel type",
		"urlRequired": "Please input the API Url",
		"keyRequired": "Please input the API Key",
		"secretRequired": "Please input the API Secret",
		"tokenRequired": "Please input the API Token",
		"locationRequired": "Please input the Channel Location Id",
		"sellerRequired": "Please input the Channel Seller Id"
	}
}
