{
	"listing": {
		"name": "Listing Name",
		"code": "Listing Code",
		"type": "Listing Type",
		"url": "Url",
		"key": "Key",
		"secret": "Secret",
		"seller": "Seller",
		"token": "Token",
		"location": "Location",
		"avatar": "Image",
		"date": "Order Date",
		"status": "Status",
		"status.all": "All",
		"status.active": "Active",
		"status.inactive": "Inactive",
		"manageStock": "Manage Stock",
		"manageState": "Order Status Sync",
		"nameRequired": "Please input the listing name",
		"codeRequired": "Please input the listing code",
		"statusRequired": "Please select the enabled status",
		"typeRequired": "Please select listing type",
		"urlRequired": "Please input the API Url",
		"keyRequired": "Please input the API Key",
		"secretRequired": "Please input the API Secret",
		"tokenRequired": "Please input the API Token",
		"locationRequired": "Please input the Listing Location Id",
		"sellerRequired": "Please input the Listing Seller Id",
		"title": "Title",
		"currency": "Currency",
		"price": "Price",
		"id": "Listing Id",
		"sku": "Listing SKU",
		"hscode": "HSN Code",
		"allocation": "% Allocation",
		"qty": "Stock in Hand",
		"leadtime": "Lead Time to Ship",
		"channel": "Channel",
		"idRequired": "Please input the listing number",
		"allocationRequired": "Please input the % Allocation",
		"valueRequired": "Please enter a value",
		"leadtimeRequired": "Please enter lead time to ship",
		"qtyRequired": "Please enter stock in hand",
		"isReturnable": "Is Returnable",
		"isVegetarian": "Is Vegetarian",
		"mrp": "MRP",
		"purchasePrice": "Purchase Price",
		"hsnCode": "Hsn Code",
		"gstPercentage": "Gst Percentage",
		"productCategory": "Product Category",
		"productSubcategory1": "Product Subcategory1",
		"productSubcategory2": "Product Subcategory2",
		"productSubcategory3": "Product Subcategory3",
		"barcode": "Bar Code",
		"maxAllowedQty": "Max Allowed Qty",
		"packQty": "Pack Qty",
		"uom": "Unit of Measure",
		"weight": "Weight",
		"dimension_length": "Length",
		"dimension_breadth": "Breadth",
		"dimension_height": "Height",
		"returnWindow": "Return Window",
		"manufacturerName": "Manufacturer Name",
		"manufacturedDate": "Manufactured Date",
		"nutritionalInfo": "Nutritional Info",
		"additiveInfo": "Additive Info",
		"instructions": "Instructions",
		"longDescription": "Long Description",
		"description": "Description",
		"isCancellable": "Is Cancellable",
		"availableOnCod": "Available On Cod",
		"isPublished": "Is Published",
		"manufacturerOrPackerName": "Manufacturer Or Packer Name",
		"manufacturerOrPackerAddress": "Manufacturer Or Packer Address",
		"commonOrGenericNameOfCommodity": "Common Or Generic Name Of Commodity",
		"monthYearOfManufacturePackingImport": "Month/Year Of Manufacture Packing Import",
		"importerFSSAILicenseNo": "Importer FSSAI License No",
		"brandOwnerFSSAILicenseNo": "Brand Owner FSSAI License No",
		"product": "Select Product"
	}
}
