{
	"order": {
		"name": "Customer Name",
		"id": "Order No",
		"channel": "Channel",
		"export": "Export",
		"courier": "Shipping Service",
		"value": "Order Value",
		"date": "Order Date",
		"pickup_date": "Pickup Date",
		"addr1": "Address Line 1",
		"addr2": "Address Line 2",
		"addr3": "Address Line 3",
		"city": "City",
		"state": "State",
		"zipcode": "Zipcode",
		"latitude": "Latitude",
		"longitude": "Longitude",
		"package": "Package Type",
		"pickup": "Pickup Type",
		"service": "Service Type",
		"weight": "Weight (gms)",
		"dimensions": "Dimensions (mm)",
		"deliveryDate": "Delivery Date",
		"dimension_length": "Length (mm)",
		"dimension_breadth": "Breadth (mm)",
		"dimension_height": "Height (mm)",
		"phone": "Phone",
		"email": "E-Mail",
		"country": "Country Code",
		"awb": "AWB No",
		"status": "Status",
		"channelStatus": "Channel Status",
		"markreturned": "Mark Returned",
		"status.all": "All",
		"status.shipped": "Shipped",
		"status.accepted": "Accepted",
		"status.readytoship": "Ready to Ship",
		"status.awbcreated": "Awb Created",
		"status.delivered": "Delivered",
		"status.printed": "Printed",
		"status.awaitpickup": "Await Pickup",
		"status.pickedup": "Picked Up",
		"status.intransit": "In Transit",
		"status.cancelled": "Cancelled",
		"status.pending": "Pending",
		"status.packed": "Packed",
		"status.addressvalid": "Address Valid",
		"status.addressinvalid": "Address Invalid",
		"status.processing": "Processing",
		"status.shipcanelled": "Shipment Cancelled",
		"status.onhold": "On Hold",
		"status.completed": "Completed",
		"status.refunded": "Refunded",
		"status.shipfailed": "Ship Failed",
		"status.shipcancelled": "Ship Cancelled",
		"status.failed": "Failed",
		"status.trash": "Trash",
		"status.partiallyshipped": "Partially Shipped",
		"status.declined": "Declined",
		"status.dispute": "Disputed",
		"status.partiallyrefund": "Partially Refund",
		"status.awaitpayment": "Await Payment",
		"status.disputed": "Disputed",
		"status.partiallyrefunded": "Partially Refunded",
		"status.returninitiated": "Return Initiated",
		"status.returnintransit": "Return PickedUp",
		"status.returnreceived": "Return Received",
		"status.returnaccepted": "Return Accepted",
		"status.returnrejected": "Return Rejected",
		"label.returninitiated": "Initiated",
		"label.returnintransit": "PickedUp",
		"label.returnreceived": "Received",
		"label.returnaccepted": "Accepted",
		"label.partiallyreturned": "Partially Rejected",
		"label.returnrejected": "Rejected",
		"nameRequired": "Please input the order name",
		"idRequired": "Please input the order number",
		"statusRequired": "Please select the enabled status",
		"valueRequired": "Please input a value",
		"sku": "SKU",
		"coo": "Country of Origin",
		"hsncode": "HSN Code",
		"price": "Price",
		"qty": "Qty",
		"itemname": "Title",
		"report.startdate": "Start Date",
		"report.enddate": "End Date"
	}
}
