{
	"global": {
		"tips.notfound": "Sorry, the page you visited does not exist.",
		"tips.exceptionTitle": "Well, this is embarrassing..",
		"tips.exceptionSubTitle": "Sorry, this is not working properly. We now know about this problem and are working on it",
		"tips.unauthorized": "Sorry, you are not authorized to access this page.",
		"tips.loginResult": "When you see this page, it means you are logged in.",
		"tips.goToLogin": "Go To Login",
		"tips.goToRegister": "Create Account",
		"tips.email": "Username",
		"tips.password": "Password",
		"tips.newPassword": "New Password",
		"tips.confirmPassword": "Confirm Password",
		"tips.currentPassword": "Current Password",
		"tips.login": "Login",
		"tips.register": "Register",
		"tips.backHome": "Back Home",
		"tips.refresh": "Refresh",
		"tips.import": "Import",
		"tips.operation": "Operation",
		"tips.authorize": "Authorize",
		"tips.acceptorder": "Accept",
		"tips.ship": "Mark Shipped",
		"tips.bulkupdate": "Bulk Update",
		"tips.complete": "Mark Completed",
		"tips.createawb": "Create AWB",
		"tips.pack": "Mark Ready to Ship",
		"tips.sync": "Sync",
		"tips.publish": "Publish",
		"tips.delete": "Delete",
		"tips.create": "Create",
		"tips.modify": "Modify",
		"tips.upload": "Upload",
		"tips.config": "Config",
		"tips.search": "Search",
		"tips.cancel": "Cancel",
		"tips.reset": "Reset",
		"tips.channelDeleteConfirm": "Do you want to delete the channel?",
		"tips.deleteConfirm": "Do you want to delete these items?",
		"tips.returnConfirm": "Do you want to mark these as returned?",
		"tips.acceptRejectReturn": "Accept or Reject the return",
		"tips.loading": "Loading...",
		"tips.theme.darkTooltip": "Switch to dark theme",
		"tips.theme.lightTooltip": "Switch to light theme",
		"tips.validateAddress": "Validate Address",
		"tips.intransit": "Mark Picked Up",
		"tips.received": "Mark Received",
		"global.weight.gm": "Gms",
		"global.weight.kg": "Kgs",
		"global.weight.lb": "Lbs",
		"global.weight.oz": "Oz"
	}
}
