{
	"marketplace": {
		"name": "Name",
		"id": "No",
		"code": "Code",
		"currency": "Default Currency",
		"currency.inr": "Indian Rupees",
		"currency.usd": "US Dollars",
		"currency.ukp": "British Pounds",
		"currency.eur": "Euro",
		"avatar": "Image",
		"date": "Order Date",
		"status": "Status",
		"status.all": "All",
		"status.active": "Active",
		"status.inactive": "Inactive",
		"nameRequired": "Please input the marketplace name",
		"idRequired": "Please input the marketplace number",
		"codeRequired": "Please input the code",
		"statusRequired": "Please select the enabled status"
	}
}
