{
	"product": {
		"title": "Title",
		"currency": "Currency",
		"avatar": "Image",
		"price": "Price",
		"id": "Product Id",
		"sku": "Product SKU",
		"hscode": "HSN Code",
		"code": "Product SKU",
		"allocation": "% Allocation",
		"qty": "Stock in Hand",
		"leadtime": "Lead Time to Ship",
		"channel": "Channel",
		"status": "Status",
		"status.all": "All",
		"status.active": "Active",
		"status.inactive": "Inactive",
		"nameRequired": "Please input the product name",
		"idRequired": "Please input the product number",
		"codeRequired": "Please input the product code",
		"allocationRequired": "Please input the % Allocation",
		"statusRequired": "Please select the enabled status",
		"valueRequired": "Please enter a value",
		"leadtimeRequired": "Please enter lead time to ship",
		"qtyRequired": "Please enter stock in hand"
	}
}
