{
	"title": {
		"login": "Login",
		"register": "Register",
		"print": "Print",
		"dashboard": "Dashboard",
		"documentation": "Documentation",
		"setup": "Integrations",
		"order": "Order",
		"returns": "Returns",
		"customers": "Customers",
		"courier": "Shipping",
		"product": "Inventory",
		"channel": "Channel",
		"listing": "ONDC",
		"guide": "Guide",
		"permission.route": "Route Permission",
		"permission.button": "Button Permission",
		"permission.config": "Permission Config",
		"account": "Account",
		"notFount": "404",
		"reports": "Reports",
		"orderReports": "Report - Orders",
		"orderItemReports": "Report - Inventory",
		"calculators": "Calculators",
		"feecalculator": "Amazon Fee Calculator",
		"orderCreate": "Create Order",
		"shippingcalculator": "Shipping Calculator",
		"recharge": "Recharge",
		"settlement": "Reconciliation (Beta)",
		"subscriptions": "Subscriptions",
		"refer": "Refer & Earn",
		"profile": "Profile"
	}
}
