{
	"shipment": {
		"name": "Shipment Name",
		"id": "Shipment No",
		"awb": "AWB No",
		"status": "Status",
		"cancelreason": "Reason",
		"courier": "Provider",
		"charges": "Charges",
		"ship_date": "Ship Date",
		"avatar": "Image",
		"date": "Shipment Date",
		"nameRequired": "Please input the shipment name",
		"idRequired": "Please input the shipment number",
		"statusRequired": "Please select the enabled status",
		"status.all": "All",
		"status.shipped": "Shipped",
		"status.delivered": "Delivered",
		"status.printed": "Printed",
		"status.shipfailed": "Shipfailed",
		"status.awaitpickup": "Await Pickup",
		"status.pickedup": "Picked Up",
		"status.intransit": "In Transit",
		"status.cancelled": "Cancelled",
		"status.unshipped": "Unshipped",
		"status.draft": "Draft",
		"status.addressvalid": "Address Valid",
		"status.addressinvalid": "Address Invalid",
		"status.processing": "Processing",
		"status.onhold": "On Hold",
		"status.completed": "Completed",
		"status.refunded": "Refunded",
		"status.failed": "Failed",
		"status.trash": "Trash"
	}
}
